,Unnamed: 0,image_name,sentence,label
178,430,offensive-W0Nh6hc.png,"THE PERFECT GOP CANDIDATE IN 2016 ? All of these men believe they can lead America through strength , exhibit conservative beliefs , stand up to the world 's bullies , and bring America together ( within their national/moral view ) . But Sadly , none of them have any experience . The potential candidate who has experience with strong leadership & best reflects Republican values and thinking is : Uote Putin for America ! In your heart you know he is right . We 'll work out the constitutional stuff later . ",offensive
131,333,offensive-vzQSRVt.png,A cop voting for a Democrat IS like a chicken voting for Colonel Sanders Police Officers fb ,offensive
165,408,offensive-VYZEg9A.png,BORREL CNN OCBS CLINTON BROADCASTING CLINTON NEWS NETWORK NETWORK aoc NBC ALL BEHIND CLINTON NOBODY BUT CLINTON ,offensive
36,88,offensive-VwfCCk1.png,"3 WIVES , 4 BANKRUPTCIES , 5 TIME ORAFT DODGER CREATES FAKE UNIVERSITLOUTSOURCES JOBS TO MEXICO AND CHINA HIRES 200 UNDOcUMENTED POLISH WORKERS , RIPS THEM OFF WANTS TOUSECOURUSTOSILENCE MEDIA . THINKS TED CRUTS FATHER KILLED JFK IS THE REPUBLICAN PRESUMPTIVE CANDIDATE ",offensive
46,116,offensive-vTulmoz.png,"LIVE PHILADELPHIA R. BERNIE SUPPORTERS AT DNC Dow 18,542.64 . +25.41 CHANGE +0.14 % ",offensive
264,51,offensive-vsFSedb.png,Quick History Lesson : 13th Amendment : Abolished Slavery 100 % Republican Support 23 % Democrat Support 14th Amendment Gave Citizenship to Freed Slaves 94 % Republican support 0 % Democrat Support 18th Amendment : Right to vote for All 100 % Republican Support 0 % Democrat Support OBAMACARE : 0 % Republican Support 86 % Democrat Support ,offensive
79,207,offensive-VOFh4qX.png,"School M8 with X and X 23 April at 16:55 In order to be correct l 'm sometimes I 'm politically incorrect . Thats wh intelligent people like what say . You know when your speaking truth because you receive a lot of hate . Thats why Jesus Christ , me , Donald Trump and Martin Luther King are considered controversial . 2 were killed for it . For speaking truth . Like Comment Share View 7 more comments some guy : take a chill pill ! Like Reply 1 Yesterday at 00:12 ",offensive
257,36,offensive-VNZBamf.png,"Donald Trump 's new campaign slogan : Make Great Again Smoking crack , A web of lies . for instance . The Gaza Strip The South . Hillary Clinton 's death stare . T HUMIDITY 2 cards Against Humanity ",offensive
148,375,offensive-vHFo7dO.png,7 hrs Obama just into law making the bison the national mammal . What our eagle represented to the America people is why Obama and his Republicans just made the bison the National Mammal . Like all moslems Obama needs to destroy a nation 's symbols . Destroy a nation 's symbols and history will no longer remember what that nation was Then the invaders can make history what they want it to be Like Comment Ca n't wait til the S.O.B is gone Like Reply 1 6 hrs Why ? There was no need for this and no public debate . Like Reply 1 6hrs I guess you will have to ask your Republican Reps Like Reply 6 hrs AA Write a reply . You know an eagle is a bird not a mammal right ? Like Reply Just now ,offensive
9,16,offensive-vbrzXLV.png,Why does Mike Pence always look like he 's about to introduce legislation to outlaw the X Men ,offensive
205,49,offensive-v2dOGRp.png,SAYS HE IS A BLUE COLLAR SELF-MADE MAN SAYESHEISA BLUE COLLAR SELFaMADEMAN Gary Johnson 2016 ISAN ACTUAL BLUE NOT A ECO COLLARSETF MADE SELF-MADE MAN MAN ,offensive
21,46,offensive-UzN2sz1.png,"IF YOU RE A BERNIE SUPPORTER WHO WANTS TO VOTE FOR TRUMP , YOU HAVE FOUR OPTIONS : DONT VOTE 2 . VOTE FOR ANY THIRD PARTY CANDIDATE 3- VOTE FOR TRUMP HIMSELF 4 . STAB YOURSELF IN THE EYEBALL . HAPPY HUNTING ! ",offensive
242,140,offensive-uUc4OqX.png,"shared SubjectPolitics 's video 2 hrs It 's sad when you make the 74 year old socialist look good in comparison to you HILLARY CLINTON PLAYING THE `` NoMAN CARD '' COUNT : 1 SubjectPolitics com 1:21 IX 1,443,217 Views SubjectPolitics Like Page April 28 at 3:29am Hillary Clinton plays the Woman card 13 times in a MINUTE ... Like Comment Share she could make osama bin laden look good Like Reply 1.1 hr . Edited ",offensive
275,73,offensive-uTJaugb.png,"heh mainstream culture frowns on bernie sanders so this hat might ostracize me but i stand up for what i believe in im a dangerous freedom fighter heh Bemie I 'll never fall sway to the status quo I 'm a rational thinker , not an emotional sheep . GOD FUCKING Knit DAMN IT FUCKING PIECE OF SHIT FUCKING IDIOT FASCIST ",offensive
81,211,offensive-uGV2kpi.png,ALL THE REAL RACIST VOTE DEMOCRAT ,offensive
217,76,offensive-u9FeEuE.png,"The Democrat Party is the world 's most successful hate group . It attracts poor people who hate rich people , black people who hate white people , gay people who hate straight people , feminists who hate men , environmentalists who hate the internal combustion engine , and a lot of bratty college kids who hate their parents . However , the real secret of the party 's success is that it attracts the support of journalists who hate Republicans , and who therefore work tirelessly to convince the rest of us that we should vote for Democrats . ",offensive
280,91,offensive-u4QjzUI.png,"sse . Jos ue . Michael Bay 's new three-hour action epic pits against Bernie Senders The biggest , blackest dick . Cards Against Hu 1 Cards Against Human Cards Against Humanity ",offensive
42,109,offensive-TWjXbPK.png,"TRUMP MAKE GREAT AGA Nato Green at 9 California Republican Party State Convention . April 29 at 3:37pm Burlingame , CA . Me : `` When was America great ? '' Trump supporter : `` Not in my lifetime . '' Me : `` Is there any point in history you know of when you 'd say America was great ? '' Trump guy : `` I ca n't think of one Me : `` So your slogan is really make America great again for the first time ? '' Him : `` yes . '' Me : `` in what specific ways would you like America to be greater than it is ? '' Him : `` that 's too big a question . ca n't answer . '' Me : `` dude it 's your slogan . '' Him : `` well , unity . Prosperity . I 'd like my kid to be able to get a job Me : `` how would Trump help with these things ? '' Him : `` I just think he would . '' And scene ... ",offensive
189,2,offensive-TpIZoZr.png,WHY THE FUCK DOES IRITHE DONALD HAVE BETTER NEWS COVERAGE THAN IRINEWS made on imgur ,offensive
258,39,offensive-TLQF1bX.png,"I do n't believe that women have any rights , and think gays should be hanged . No , actually , I 'm a Muslim and those are my religious beliefs . Wow , what acomplete primitive asshole you are ! You must be a Republican . Oh I 'm sorry ! apologize ! I hope you do n't think I 'm Islamophobic ! ( c ) 2016 Dixon Diaz ",offensive
244,142,offensive-TgSYoWe.png,"12 mins 2 Not sure if real Anyone know how credible this is Sperm Whales Found Dead In FL , Stomachs Full Of Uncounted Bernie Sanders Ballots According to a press release from Florida 's marine Biologist Union , many of the whales had stomachs FULL of uncounted Bernie Sanders ballots.. wwVWZGARLIC.COM Like Comment Share I ",offensive
93,237,offensive-te0QdLn.png,THIS IS NOT NOT A REPUBLICAN VS DEMOCRAT ELECTION THIS IS ABOUT PROFFESSIONAL WRESTLING ECLIPSING THE WRITHING LAST GASP OF SANITY # TRAILERPARKUSA # SUICIDEISPAINLESS T R U M P DOUCHE LAND UBER ALLES ! 2016 ,offensive
200,32,offensive-taecqiR.png,"Lie Detector Reveals Bush 's Secret are you a are you reptilian a closet shapeshifter Democrat , Bush-chan ? Bush-chan ? Did you d 9/11 , Bush chan ? I Bus IS IT a -- a gore . ",offensive
55,141,offensive-T7sOpjA.png,WHY IAM VOTING FOR TRUMP REPUBLICAN PARTY ,offensive
155,392,offensive-T4u74mL.png,"/R/FULL COMMUNISM hot new rising controversial top Gilded promoted view images ( 21 ) Do you agree Hillary Clinton is lying about the Clinton Foundation ? Sign the petition ! Paid for by Donald J. Trump for President , Inc promoted by Comrade the-realDonaldTrump save hide report Citizen O promoted post what 's this ? ",offensive
106,269,offensive-swzhNs4.png,Clinton 22 Prosperity 6 Sni ITH r A DAI IAIA ,offensive
84,215,offensive-sG2GSpb.png,"me : i hate liberals them : so what are you , a republican ? me : oldmin ",offensive
34,81,offensive-s9Z2Han.png,1 hr f Donald Trump becomes President l am leaving America and moving to Hawaiis Like Comment Share ,offensive
293,122,offensive-s972ZwU.png,Hillary Clinton will endthe Republican war on women . Those women were ng Whores Did n't she marryA a serial rapist ? HILLARY 2016 Eileen Wellstone Elizabeth Gracen Juanita Broaddrick Regina Hopper Kahleen Wiley Sandra Janes Kathy Bradshav Cristy Zerche Paula Jones HIL Carolyn Motet ,offensive
201,38,offensive-rZGXxM4.png,"IS BERNIE SANDERS ENDORSING THE ESTABLISHMENT HE CAMPAIGNED AGAINST OUT OF TOUCH WITH WHAT HIS VOTING BASE WANTEDP NO , IT 'S THE VOTERS WHO THOUGHT THERE H COULD ACTUALLY BE TRUE POLITICAL CHANGE IN AMERICA WHO ARE OUT OF TOUCH . made on imgur ",offensive
214,66,offensive-ruSN6zI.png,"MAKE AMERICA GREAT AGAIN Donald Trump will `` move on your wife like a bitch . '' He 'll grab your daughter 's crotch . He 'll grab your sisters . He 'll do it because that 's what he does . And then he 'll brag about it-on a bus , or in a car , or on aplane , or in a train Because he can . Unless you stop him . ",offensive
10,17,offensive-Rqzw9Co.png,IF YOU COULD PLEASE NOT ELECT TRUMP AS YOUR PRESIDENT THAT 'D BE GREAT made on inngur ,offensive
226,92,offensive-rklsz23.png,"The fuck Bernie Sanders ' starter pack THE SCIENCE OF ECONOMICS THE ECONOMIC TEACHING OF LEON MACLAREN discover the conditons which allow evey indwodual true goal of Economics Patriot Wikipedia , the free encyclopedia https : //en.m.wikipedia.org wiki Patriot Mobile-friendly A patriot is someone who feels a strong support for their country , See also Patriotism RAYMOND MAKE WELL Ed Patriotism New England Patriots ",offensive
26,55,offensive-risXjE4.png,"Hillary Clinton Folgen @ HillaryClinton made . Delete your account . Donald J. Trump @ realDonald Trump Obama just endorsed Crooked Hillary He wants four more years of Obama-but nobody else does ! 6 Ubersetzung anzeigen RETWEETS GEFALLT 5.527 5.363 08:27 9 . Juni 2016 t 5,5 Tisd . 5,4 Tsd . ",offensive
4,7,offensive-RfpjmXp.png,"`` WE DO N'T HAVE A COP PROBLEM IN AMERICA . ARE THERE PROBLEM COPS ? SURE , BUT BLACK AMERICA DOES NOT HAVE A COP PROBLEM . THE COPS DO MORE IN OUR NEIGHBORHOOD THAN THEY DO IN ANY OTHER NEIGHBORHOOD WE HAVE A LIBERAL DEMOCRAT PROBLEM KEVIN JACKSON ",offensive
29,67,offensive-rDy2M4O.png,Like Page 21 hrs NOW WHY WOULDANORGANDATION CREATEDBYDEMOCRATS THE GOP . BEGINS TO UNE Up BEHIND THE PRESUMPTIVE NOMINEE VOTE REPUBLICAN ? 2.9k reactions 85 Comments 1.2k Shares I Like Comment Share and 2.9k others Top comments Write a comment ,offensive
23,52,offensive-qv6y9xq.png,"Native American Bernie Sanders Supporters are n't calling themselves `` Indian Berns , '' they re doing It wrong . TJ Wharry @ twharry ",offensive
158,396,offensive-qSyop93.png,"FREE ! ? think you mean STOLEN from the taxpayers ! There 's no such thing as FREE breadsticks you fucking socialist , learn economics ! sir this is an Olive Garden FUCK bernie s Free with Archyse ",offensive
80,209,offensive-qnRUXr8.png,"When the homey running for Prez and you hoping to be the Secretary of Cologne 22h vahab1269 , rentstation , alejandroruizo6 , briangerz , medoxmasr and matthew 2lit like this idiot.cinema Axe Body Spray baby ... . # scottbaio frnc 2016 # trump # democrat frepublican ",offensive
292,121,offensive-qKM2ucu.png,How do I fix Americas immigration problem ? Can I call you back ? Bernie is on the other line asking me about economics . ,offensive
302,147,offensive-Qj9x2wz.png,FOR HILLARY BLOOD ON YOUR HANDS Stop Voting out of Fear ! Vote Green Vote for Jill Stein ,offensive
137,350,offensive-qi0bYgG.png,"WE 'RE FUCKED , MOVE TO CANADA I STILL FEEL YOU BERNIE ! I STILL FEEL YOU ! P ",offensive
199,31,offensive-qHkGmLt.png,"spusu O N 55 O 21:42 Porn hub X FREE Access to Pornhub Premium ! HD 5:15 Donald Trump and Hillary Clinton Real Celebrity Sex Tape Exposed XXX USA 9,989 Views 79 % VERIFIED ",offensive
194,20,offensive-qfYlr30.png,GARY JOHNSON HASCONSISTENTL ITS TIME FOR THE KEA OPPOSED THE DRAO WAR AND ALL TREMENDOUS SUCCESS US TO START OVERSEASINTERVENTIONS RROMAMILITARY THINKING OF IRAQ STANDPOINT ASA BUSINESS OPPORTUNITYA '' I THINK WALLSTREETS JUST GROUP A ROCKET DICETO EVEN BEYOND OPPOSEENDLESS WAR ,offensive
0,1,offensive-qDnIIHA.png,2:28 PM THIS IS A WALL INSIDE A NAZI GAS CHAMBER dwebs WHEN A DEMOCRAT MENTIONS GUN CONTROL REMEMBER THIS PICTURE ,offensive
6,10,offensive-pvCTAHi.png,"Republican 1988 , Reform Party 1999 Democrat 2004 , Republican 2009 Independent 2011 , Populist 2016 , Americans Love/Hate him Traditional Marriage 3 , Divorced 2 , Anti-immigration , Marries an Immigrant Hates Muslims , Helps Rich Muslims Loves China , Stocks in China Buy His Books and Get Rich . NEXT PRESIDENT OF CHINA and USA MAKE TRUMP RICH AGAIN ",offensive
286,110,offensive-Pv3M76n.png,"July 14 at 10:03 AM Here 's a social experiment for ya , go to the Donald J . Trump Facebook page and see how many of your friends have `` liked '' his page . Then go to Hillary Clinton 's Facebook page and see how many of your friends have liked her page and post the results below . Chances are if she wins it 'll be because of voter fraud . Hillary 4 Trump 185 Like Share Comment 4.7K ",offensive
49,124,offensive-puHulqv.png,DEMOCRAT SALSOVOTEDAGAINSTGUN CONTROL TODAY ANDTHE PERSON RESPONSIBLE FORTHENATIONtSBIGGEST MASSSHOOTINGISAREGISTEREDDEMOCRAT BUT THATS NONE OF MY BUSINESS ,offensive
86,219,offensive-PpxbGZC.png,"Ya Boi Bernie Apr 30 at 6:48pm oh noe ! if you come upon this image while scrolling you have been visited by DAT BOl BERNIE ! Comment `` o shit waddup '' in 42069 seconds and you will be blessed with student loan forgiveness , or else you will be doomed to suffer at the hands of the yuge corporashuns and smoke only mids forever o shi Waddu DAT BOI ROLLIN THROUGH THE PRIMARIES d d d ",offensive
182,436,offensive-PCnauaB.png,HOPE BERNIE SANDERS BECOMES PRESIDENT SOI WONT HAVE TO GET A JOB AFTER COLLEGE n Imgur ,offensive
31,72,offensive-PAEZU3T.png,GB Tube You Search Donald Trump e LIKE and SHAREll IThis is a Live Broadcast from Golden St LIV ,offensive
160,400,offensive-p3MNKdN.png,"fstrick BERNIE ANNI MORE HES NO LONGER AMABLE CANDIDATE www.shutterstock.com 160941326 IFYOUDONTSHUT MOUTH THIS SECOND , IM GON NA RIPTOURNIPPLES STUPID CUNT OFF www.shutterstock.com 160940849 ",offensive
240,132,offensive-otKSntf.png,"Hillary Clinton @ Hillary Clinton @ realDonald Trump thinks democrats care about his opinion , how does it feel putting your stuff here it does n't belong ? 1272 2210 RETWEETS FAVORITES Donald J. Trump arealDonald Trump Hillary Clinton Ask Bill . 3322 5880 RETWEETS FAVORITES ",offensive
35,82,offensive-orV6OVk.png,YOU THE TERM COMMUNISTTO DESCRIBE BERNIE SANDERS OURLIEDETECTORTEST DETERMINED YOU NEED FREE COLLECE ,offensive
98,249,offensive-oQWC8Od.png,Bernie Bernie Sanders a Bernie Sanders North Korea is one of the biggest threats we face . Their economic and social policies have created a monstrous dictator we have to stop . 599 705 NORTH KOREA IS EVIL ! SOCIALISM IS THE WORST ! THOSE EVIL ECONOMIC POLICIES CREATED DICTATORS THERE AND IN MANY OTHER COUNTRIES ! DO N'T FORGET TO VOTE FOR SOCIALIST SANDERS IN 2016 ! # FEELTHEBERN BABY ! ,offensive
100,257,offensive-oqt51kd.png,SO THE DNCWANTSMETO VOTE DEMOCRAT IN THE GENERALELECTION THEN WHYDID THEN CHANGE ME TOINDEPENDENTINTHEPRIMARIES ? ,offensive
102,261,offensive-omVP1Lw.png,"CIRQUE DU SO LAME Paul Ryan , Donald Trump , Mike Pence , and Reince Priebus the act known to all as `` The Aristocrats arrives today in Cleveland for performances on July 18-21 [ Parental Advisory : Thematic content , coarse/crude language , disturbing images ] ",offensive
136,347,offensive-okIQiIu.png,"APRIL 27 , 2016 Cruz Hopes to Tap Into Immense Popularity of Carly Fiorina BY ANDY BOROWITZ Political insiders called the choice of the wildly adored Fiorina a game-changer for the Cruz campaign . APRIL 25 , 2016 Koch Brothers Consider Purchasing First Democrat BY ANDY BOROWITZ The two considered acquiring a Democrat only after determining that none of the Republicans was worth adding to their collection . APRIL 22 , 2016 Trump Reassures Supporters That He Still Opposes Women Who Were Born Women BY ANDY BOROWITZ After expressing tolerance toward transgender people , the candidate clarified his position on women in general . ",offensive
127,322,offensive-oHjgmJS.png,IS THIS REAL LIFE ? ! what if hillary clinton was in real life # Project Murph ,offensive
224,89,offensive-OH0Nuxb.png,GOING OUT OF Family Moral Values Bankruptcy Must Go pocrisy tfque Republican Party LAST DAYS GOP S RENT BE SANGS ,offensive
3,6,offensive-oEGSd01.png,TRUMP ISANASSHOLE AND HILLARY ISALIAR IIWISHICOULD VOTE FOR THAT NEGROAGAIN ,offensive
123,314,offensive-OA7aCgM.png,IF YOU HATE TRUMP AND CLINTON CONSIDER VOTING FOR GARY JOHNSON ,offensive
223,86,offensive-Nyo6x2Y.png,"Paul Joseph Watson @ PrisonPlan ... 3h Your family ripped apart the lives of hundreds of thousands of women and children in Iraq . Shut the fuck up , you complete cunt . Jeb Bush a Jeb Bush As the grandfather of two precious girls , I find that no apology can excuse away Donald Trump 's reprehensible comments degrading women . t 2,415 4,343 ",offensive
229,101,offensive-NwQNeBd.png,"I do n't believe that women have any rights , and I think gays should be hanged . No , actually , I 'm a Muslim and those are my religious beliefs . Wow , what a complete 4 primitive asshole you are ! You must be a Republican . Oh ! I 'm sorry ! A I apologize ! I hope you do n't think I 'm Islamophobic ! ( c ) 2016 Dixon Diaz ",offensive
260,42,offensive-NwfrHyS.png,WHY THE FUCK ARE REPUBLICANS NOW TELLING ME I SHOULO N'T VOTE FOR GARY JOHNSON BECAUSE HE 'S NOT LIBERTARIAN ENOUGHP made on imgur ,offensive
168,413,offensive-NssAP3V.png,JUST TO BE CLEAR PINE MEN YOU MAY HAVE STRIPPED ME or MY BUT I STILL GET ge ize MORE PUSSY THAN YOU THESEARE THE FOLKS WHO PRETEND TO BE OFFENDEDBY DONALD TRUMP 'S LANGUAGE . ,offensive
277,80,offensive-nsEOOZO.png,angel enriquez 5 days ago a Donald glover looks exactly like childish gambino wtf Reply 776 ,offensive
139,355,offensive-NsCDfKJ.png,THE DEMOCRAT PARTY HAS STARTED THEIR REGISTRATIONIDRIVE ,offensive
67,174,offensive-NpsCjMn.png,SAYS BERNIE SANDERS SUPPORTERS ARE LAZY AND UNEMPLOYED STAYS ON REDDITPOSTING SHITTYMEMESAND BIASED ARTICLESALL DAYEVERYDAY ,offensive
116,298,offensive-nm9n7k0.png,RIGSENTIRE ELECTION PROCESS TELLS BERNIE SANDERS HESBEING DISRUPTIVE TO DEMOCRACY ,offensive
145,369,offensive-Nkvcr8I.png,Black lives matter ! Trump ! FBI ! Dallas Police ! Hillary ! Pokemon ! 2015 ,offensive
61,150,offensive-nefjbtQ.png,LEAKED PHOTO : Mike Pence grabbing a pussy ,offensive
68,177,offensive-NDFCXLG.png,TRUU MP www Donald Trump com MAKE AMERICA GREAT AGAIN ! ,offensive
17,36,offensive-Nbo6iZU.png,"IF TRUMP LOSES Illegals will pour into our country . Our borders will be unsecured . China will put us further in debt . ISIS will not be destroyed and will thrive . The Constitution will no longer exist ! Our economy will NEVER ever recover . Radical Mslm will take control and destroy our Way of life . Our Vets will die shamelessly . No matter where you or your family go , you wo n't be safe . America will no longer exist ! Vote Donald Trump ! ",offensive
83,213,offensive-N4EIWJX.png,"Bishop Earl Walker Jackson Sr . has issued a plea for all Christians to leave the Democrat Party Democrats boo 'd God 3 times at 2012 convention ! Democrats support abortion , and place Planned Parenthood clinics in minority neighborhoods . *Democrats reject the Bibical Family structure . *Democrats are openly hostile to those who express their Christian Value *Hillary says we must give up some of our principles *Democrats are hostile toward the display of a cross and public prayer . Democrats have turned their backs on God ! ",offensive
99,252,offensive-MZQc8jz.png,"May 11 at 9:41 PM I see a lot of Hispanic families as walk on the Swamp Rabbit Trail and around the lake at Furman . I 've noticed something . There are usually 2 or 3 kids in tow , and the moms are either pregnant or pushing a stroller . Hispanic people seem to be pro-life and genuinely devoted to marriage and family . Another thing : most often , the Dad is right there WITH THE FAMILY . This is admirable ! And it also points to the fact that Conservatism ought to be the natural political home for Hispanic people due to our shared values . As Mr. Trump says , `` I love the Hispanics ! '' ",offensive
45,114,offensive-mYU8r9Y.png,"David Burge Following @ iowahawkblog In 1963 , Martin Luther King was a gun owner on an FBI watch list of the United States Democrats Are Holding a Sit-ln on the House Floor to Demand a Vote o ... Rep. John Lewis and a group of his fellow Democrats took to the House floor late Wednesday morning to stage a sit-in . Their goal ? Pressure Republican l slate.com ",offensive
274,72,offensive-mycUTal.png,I HATE THE GOVERNMENTSO I VOTE REPUBLICAN TO TRY TO SHRINK IT FUCK ME RIGHT made on inngur ,offensive
54,139,offensive-mvfGs4u.png,E Anonymous ( ID : pKvmKDaY ( Sun ) 20:04:07 No.78832917 06/26/16 BE HONEST WHAT WOULD YOU DOP trump tower png 945 KB PNG Well ? Anonymous ( ID HtrXYnkW I i 06/26/16 ( Sun ) 20:04:36 No.78832980 I 'd tell him he 's about to make Liveleak great again ,offensive
38,92,offensive-mSA9fTA.png,Tim Tebow Denies Report He 's 20 Speaking at Donald Trump 's Republican Convention ( bleacherreport.com ) 17 comments politics Republican National Convention Speakers list revealed : Trumps barely famous friends set to take the stage in Cleveland Delegates will be treated to an array of riveting speakers like soap opera star Antonio Sabato Jr . and Heisman trophy winner Tim Tebow . ( salon.com ) WELCOME ,offensive
195,23,offensive-MQqsZvW.png,"Gary Johnson 's Meme Stash 4 mins . Wait , are you guys really libertarians ? You know that capitalism killed ~500,000,000 people from hunger , disease and wars in the 20th Century alone , right ? Not to mention the atrocities carried out by the US and Britain in the 19th century . How can you justify that ? I Like Comment Share Be the first person to like this . ",offensive
70,187,offensive-mOHGolk.png,"submitted 5 hours ago by let-the-mother-bern to /r/Documentaries 80 comments share save hide report Snails use two brain cells to make 50 1745 Complex decisions , a team of Scientists has found . Researchers at the University of Sussex said one cell told the snail if it was hungry while the other cell told it if food was present Animal Science bbc.com submitted 5 hours ago by Libertatea to /r/science 76 comments share save hide report view more : prev next or try a random subreddit ",offensive
250,12,offensive-mn6RF0J.png,PUTS COUNTRY AHEAD OF PARTY DOES NOT ENDORSE TRUMP . DISTANCESHIMSELF FROM REPUBLICAN CONVENTION made on imgur ,offensive
30,71,offensive-MhnioLP.png,WE SHOULD BUILD THE WALL AROUND DONALD TRUMP made on imgur ,offensive
227,94,offensive-mHAg22Y.png,THIS IS A WALLINSIDE A NAZI GAS CHAMBER dwebs WHEN A DEMOCRAT MENTIONS GUN CONTROL REMEMBER THIS PICTURE ,offensive
266,54,offensive-MBdsW19.png,"`` DonALD TRUMP IS A FAT ORANGE LOUDMOUTH AND HILLARy CLITony IS CROOKED , AND JET THE PALUns ARE 5TILL ARGUInG OVER THEm . EXACTLy HOLLI THE IMASTERS ... InTEnDED . AND HERE I Am , RISING ABOVE THE BULLSHIT . TOO INTELLIGENT AND TOO ALLAKE , TO BUSy MUSELF in THE SOUABBLinG OF THE 1 % 5 CHOSEn CANDIDATES , A DELIBERATE DISTRACTIOnA IT IS An ILLUSION . AND L HAVE mORE IMPORTANT MATTERS TO ATTEND TO ",offensive
77,204,offensive-m4oY5vK.png,"On 1-20-2017 What is the first thing you want Donald to do ? 1 . Arrest Obama & Hillary 2 . Start the wall 3 . Reverse all executive orders 4 . Restore relations with allies 5 . Stop the in flow of immigrants 6 . Start deporting illegal immigrants 7 . Restore Jobs taken away by Obama 8 . Start the VA reform our veterans need 9 . Stop all funding for the BLM , EPA , & TSA 10 . Make Concealed Carry legal without permits ( if you pass a background check , you carry ) 11 . Get the Government out of our schools ( let the parents & teachers govern school curriculum & lunch ) 12 . Rebuild our military Run America like a profitable business ! ",offensive
133,336,offensive-lv3JsRq.png,"daredevil-sexual If all women need to be feminists because a previous wave of feminism gave them their rights , then all black people should be Republicans since it was Republicans who freed them from slavery and gave them rights . If your response to that is `` Well , the Republican Party has changed '' , then consider this : So has feminism . Source : daredevil sexual 110 notes ",offensive
41,108,offensive-lR6IYpG.png,"Ya Bol Bernie Apr 30 at 6:48pm B oh noe ! if you come upon this image while scrolling you have been visited by DAT BOl BERNIE ! Comment `` o shit waddup '' in 42069 seconds and you will be blessed with student loan forgiveness , or else you will be doomed to suffer at the hands of the yuge corporashuns and smoke only mids forever o shi wadd ",offensive
110,283,offensive-LkX8Ei3.png,BRACE YOURSELVES FORMIKE PENCE MEMES How big is my ego ? This big ! ,offensive
204,46,offensive-lJVnWF2.png,MEMBER WHEN DONALD TRUMP WAS JUST A Co HARMLESS OLD REALITYTVSTARP COMEDY ,offensive
18,39,offensive-LEMUxIr.png,TRUMP SAYS FUCK ALL YOU BERNIE SANDERS 20 SOMETHINGS WHY DONT YOU GET YOUR ASS AOUT THERE AND FUCKING WORK LIKE WE ALL DID AND STOP ASKING FOR FREE SHIT.. ! ! ! ,offensive
143,365,offensive-LeHuK4y.png,Bernie or Hill Be informed . Compare them on the issues that matter . Aliens Issue : AYYY LMAO Deported ,offensive
71,190,offensive-LE4FyLF.png,THE MARCH S TYRANNY UNI NEXT TIME ILL VOTE REPUBLICAN GARRISON bergarrison.com . UGN NEXT TIME ILL VOTE DEMOCRAT/ ,offensive
157,395,offensive-l7UFL6x.png,"If I were president I 'd : 1 . Tear down all Christian churches and replace them with multicultural education centers 2 . Make all racism and hate speech a life in prison sentence 3 . Nationalize ISPs , automobile , oil , gas , and electric industries 4 . Open up all borders so there are zero restrictions on immigration 5 . Arrest anyone earning over 2 million dollars a year and have their wealth evenly distributed 6 . Make healthcare and education completely free 7 . Arrest anyone who is known to have Republican or libertarian affiliations and have them re-educated in a Progress For Society Program for three years 8 . Gun ownership is a death penalty ",offensive
20,42,offensive-l6SOQGq.png,Bernie or Hillary ? Be informed . Compare them on the issues that matter . Issue : MEXICAN FOOD `` Have you tried the chicken `` The complexity of flavors and spices and biscuit taco at Taco Bell ? It 's a great way to reward regional diversity of mole sauce puts Mexican yourself after Crossfit ! '' cooking on par with the world 's other great cuisines ,offensive
122,313,offensive-l0P4MzC.png,DEMOCRAT SUPPORTSGUN CONTROL BRANDISHES AK-47 WITH THUMB ON TRIGGER ,offensive
243,141,offensive-kzNSl6e.png,"ISO YOU 'RE TELLING ME THAT HILLARY CLINTON WAS RUBBING ELBOWS WITH KNOWN KKK MEMBER ROBERT BYRD , DEFERRED TO BLACK CIILDEEN AS SUPER PREDATORS AND PUSHED LEGISLATION THAT DISPROPORTIONATELY TARGETS INCARCERATION OF MINORITIES BUT SOMEHOW SHE DESERVES THE BLACK VOTES ",offensive
87,222,offensive-kUlXoaa.png,"Give a man a fish , and he eats for a day . Give a man a welfare check , a free cellphone , food stamps , section 8 housing , a six-pack of beer , a crack pipe , and some Air Jordon 's , and he 'll vote Democrat the rest of his life . ",offensive
281,92,offensive-kO0gHF2.png,"Anonymous ( ID : mHMIfKBM ) 06/24/16 ( Fri ) 12:04:04 No . 78570860 File : toupees ng ( 287 KB , 497x294 ) All I know is that when Trump and Boris are both elected leaders , they 'll be like toupees in a pod ",offensive
74,200,offensive-KmlWyX7.png,SHIT REDD SATS Comments related BRIGADED BY D Ah . So this is what will bef eft submit BRIGADED BY DONALD FART SUPPORTERS 234 comments source share save hide report h ,offensive
11,18,offensive-KMa8L39.png,Campaign Manager : `` We need more millennial votes . '' Trump : `` Say no more fam ,offensive
14,30,offensive-KIiW0Lw.png,"Ya Boi Bernie Apr 30 at 6:48pm B oh noe ! if you come upon this image while scrolling you have been visited by DAT BOI BERNIE ! Comment `` o shit waddup '' in 42069 seconds and you will be blessed with student loan forgiveness , or else you will be doomed to suffer at the hands of the yuge corporashuns and smoke only mids forever o shi Wadd ",offensive
248,8,offensive-KbTk7Rq.png,AN ARY . tube REPUBLICAN PRESIDENTIAL DEBATE AG RA LIVE CNN 746 PM PT ,offensive
215,67,offensive-k6x2h2d.png,"Me : Hillary oversaw a coup in Honduras which installed a regime that murders indigenous rights activists Democrat : DO YOU WANT TRUMP TO WIN 3/3/16 , 4:48 PM ",offensive
159,399,offensive-JZOT6IU.png,Ummm I think that somehow your computer is autocrrecting Cruz '' like Santa Cruz to `` lil baby pee pee hahahaha yeah ! I have the evidence to show you later and Paul Bonerstink What why ? OMG I NOTICED THAT TODAY TOO WHYYYYY it 's a plug-in that changes the names of Republican Presidential candidates to dirty words hahahahaha Oh my god Seriously ,offensive
187,0,offensive-jyxHhiB.png,"3 hrs Black nurse in Connecticut asked me if Trump was bringing back slavery in earnest . Chuck : No ma am . I know some real raaaacists but we do n't ever talk about bringing back slavery . That 's not on the agenda . Nurse : That 's good . What do y'all talk about ? Chuck : Mostly we do n't want your menfolk having raping our women , mugging us , or killing us . We also want you to stop having kids we got ta pay for Nurse : yeah we got to stop doing that . Well I liked Donald on the Apprentice . Ill vote for him . There are too many Puerto Ricans in this country . They the ones you got ta watch Why ca n't we have a conversation like this on race ? ",offensive
256,34,offensive-JxTc0EC.png,"at This is horrifying ! Share this to spread the word . A vote for Hillary is a vote to kill babies ! You just heard Hillary Clinton explicitly defend , and say point blank that late term partial birth abortions are ok and that she will appoint Supreme Court justices to ensure that they remain legal . That means that up until the babies due date , the baby is half delivered , kicking and screaming , and its spine is cut or brain punctured . If you 're ok with that , you are dead inside . ILLUSTRATION OF PARTIAL-BIRTH ABORTION Like Share Comment 180 ",offensive
89,227,offensive-JvY4wYr.png,I DONT ALLWAYS GO TO WORK ... UK OFCOURSELDO BECAUSE IM NOT A FREELOADING BERNIE SANDERS SUPPORTER ,offensive
144,366,offensive-jVHe747.png,DONALD TRUMP . THE IDIOT made on ,offensive
118,301,offensive-jQ6NQqx.png,"T Yesterday at 3:07pm Most Republican candidates agree that they would indeed kill baby Hitler , given the chance . A far more interesting question , in my opinion , would be whether or not they 'd support aborting fetal Hitler MUA HA HA ! ",offensive
134,339,offensive-jkdwXzP.png,Hillary for Prison 2016 www . Hillary-Satan2016.com ,offensive
129,328,offensive-jG51M2l.png,CLINTON SBAD MKAAAY BERN IES GOOD MKAAAY ,offensive
211,63,offensive-JbWv3sM.png,shared photo 2 hrs I really dont support Hillary Bernie or Trump ! l rather put Jesus back in the White House/America/world . BERNIE IS JUST A NICE OLD MAN WHO WANTED TO HELP US BUT U VOTED FOR THE LIAR AND THE RACIST Like Comment Share Write a comment ... ,offensive
288,114,offensive-JBUKM8i.png,BENGHAZI CO ILLALLOWIT ! THE CLINTON FOUNDATION CD ILLALLOWIT ! VOTER TAMPERING CD ILLALLOWIT ! LYING TO THEAMERICAN PEOPLE CD ILLALLOWIT ! ,offensive
72,194,offensive-j9AOSo2.png,"score hidden ] 2 minutes ago What do you expect from a nation of sky worshipers ? It 's crazy that people judge me for believing in Bernie , but they have no problem building temples for imaginary saviours . We have a chance to unleash a force of good in this country , and like the story of Jesus , Bernie will rise again in this contest . You do not need church to believe in something . permalink embed save report give gold REPLY score hidden ] a minute ago My goodness . So I see . Permalink embed save parent report give gold REPLY ",offensive
255,27,offensive-iZR0Ych.png,BRACE YOURSELF DISAPPOINTED BERNIE SANDERS SUPPORTERS ARE COMING made on inngur ,offensive
125,318,offensive-iyTe9SI.png,us on facebook VOTE FOR A DEMOCRAT AGAIN . NO MATTER WHO THEY ARE . I DO N'T CARE IF GOD BECOMES A DEMOCRAT THESE DEMOCRATS ARE GANGSTERISM . THIS IS CRAZY '' Do you agree ? Comment YES or NO ,offensive
300,144,offensive-iutC6Qy.png,Pussy almost brings down Trump Weiner knocks out Clinton ,offensive
179,431,offensive-iQ0COdD.png,"Drive Through FAST FOOD , RESTAURANT TX , USA I BAD BEHAVIOR , BIZARRE , POLITICS CA customer pulls up to my window and he looks extremely similar to Bill Clinton ) Me : `` Has anyone ever told you that you look like Bill Clinton ? '' Customer : `` I did NOT have sexual relations with that woman ! '' ( The customer then proceeded , in full Clinton style , to light up a joint at my drive-through window . ) ",offensive
85,216,offensive-IpwuEVr.png,Ariel Edwards-Levy @ aedwardslevy 2m stand Bayh for gnus Hillary getty imm HILLARY CLINTON . COM ,offensive
180,434,offensive-iMCzClJ.png,EVIDENCE AGAINST HILLARY CLINTON ? YEAHI BETTER JUST FILE THAT ,offensive
150,380,offensive-IhjXkUr.png,Oh no ! Bernie has been G captured b Hillary ISIS Clinton ! Submit your Karma reserves now to Save Bernie from certain death ! ! ,offensive
82,212,offensive-IcRjmu4.png,NOT SURE IF TRUMP 'S PART OF A CONSPIRACY TO ELECT HILLARY OR HILLARY PART OF A CONSPIRACY TO FLECT TRUMP ,offensive
12,22,offensive-i1KC0aU.png,le acid . FEEL THE BERN Do you support Sanders 2016 sir ? FEEL THE BERN FEEL THE AHHHHHHHHHHHHH ! IT BERNS BERN ,offensive
92,235,offensive-i0YUj7r.png,"File : bernie sanders gif ( 1.68 MB , 290x246 ) O Anonymous 10/08/16 ( Sat ) 19:50:46 No.31957540 31958450 31958524 be me in high school sweat a lot due to anxiety armpit sweat becomes visible on shirt , feeding into the vicious cycle of anxiety have an idea : armpit tampons tape toilet paper to my armpits and go to school go to the bathroom during lunch to replace them they fell out > at some point either in class or walking in the halls , my armpit tampons fell out do n't know who saw Anonymous 10/08/16 ( Sat ) 19:53:38 No.31957586 File : 1474650621218 jpg ( 204 KB , 900x973 ) > mfw did the same thing except used tampons for my swamp ass ",offensive
166,409,offensive-HyQBPvH.png,"I 'M A WHITE FEMALE , CHRISTIAN , REPUBLICAN , PRO-GUN , PRO-LIFE FEMINIST HOW ELSE CANIOFFEND YOU TODAY ? OH , AND IM ALSO VOTING FOR TRUMP ",offensive
75,201,offensive-HUU1Fay.png,FACTS DONT LIEaz . Reagan : 11 mass shootings Bush Sr : 12 mass shootings Clinton : 23 mass shootings Bush Jr : 16 mass shootings Obama : 162 mass shootings ,offensive
140,356,offensive-Hu8KaNu.png,HILLARY FOR PRISON 22016 Or Sooner . LIKE if you Would VOTE for that ! ,offensive
225,90,offensive-hoApJnq.png,"Be 2016 You take the Hillary pill , the story ends . You wake up in your bed and believe whatever you want to believe . You take the Bernie pill , you stay in truthland , and you will uncover just how deep the corruption goes . Remember : all Bernie 's offering is the truth . Nothing more . ",offensive
156,393,offensive-HnYtR6j.png,POLICE SAYS HE 'S UPSET DONALD TRUMP STATED WE ARE ONLY GETTING THUGS AND CRIMINALS FROM MEXICO . BURNS COP CAR ... YOU KNOW ... TO PROVE TRUMP WRONG mematic.net ,offensive
228,98,offensive-hLMgzsp.png,New hobby : Putting Donald Trump 's mouth on puffer fish ,offensive
220,81,offensive-Hf65xSJ.png,YOU SHOULD NEVER STEREOTYPE ANYONE NO MATTER WHAT GROUP THEY ARE A PART OF OH YOU ARE A REPUBLICAN YOU MUST BE RACIST THEN ,offensive
153,387,offensive-hF5Bi0f.png,BREAKING NEWS ! ALD TRUMP IS ,offensive
76,202,offensive-hDJHnuW.png,2012 Cao Bernie 2016 GREENPEACE THIS ENDLESS WAR against I 'm next wat the BERNIE SANDERS COM Obama ,offensive
147,372,offensive-H7Ob55y.png,I DO N'T LIKE THE LOOKS OF THIS TRUMP PENCE A A ,offensive
154,389,offensive-H6vd1DD.png,016 Grann Reserved BERNIE SANDERS E MANDE ,offensive
78,205,offensive-h45acTC.png,Feel The BERN ,offensive
276,76,offensive-H0Bh7VP.png,February 3 at 6:30am The differences ... `` I vote Republican . I vote Democrat . lown my own business . I pooped myself A Share 48 people like this . 16 shares Now that 's funny 1 February 3 at 11:05am at about covers it ! 1 February 3 at 5:53pm https : //www.youtube.com watch ? v 1fuSqSyTdzQ Rag OnA Stick ( Extended ) httpd/www.ingeniouspress.com ,offensive
198,28,offensive-gZWRvf8.png,Amazing Myths of Why For Donald Tanked The Debate Vot A `` C KIND OF VIRAL ,offensive
185,443,offensive-gzWfYg3.png,YOU SAIOTHATAVOTEFORGARY JOHNSONWASAVOTEFOR HILLARY THE FACT THAT HALFOFMYSTAUNCH DEMOCRAT FRIENDSAREVOTING FOR JOHNSON PROVED THATWASAUE ! imngfip com ,offensive
59,148,offensive-GYmNXOy.png,"Trump Foreign Policy Masterclass : Donald Explains The lran/Iraq War TRUMP PEN CE Virginia Beach , Vinginla `` Iran and Iraq were very similar militarily They 'd fight fight fight and then they 'd rest . They 'd fight fight fight . And then Saddam Hussein would do the gas . And somebody else would do something else . And they 'd rest . '' Actual Donald Trump quote from his foreign policy town hall meeting in Virginia Beach , VA , 9/6/16 DEMOCRATICUNDERGROUND , COM ",offensive
186,444,offensive-gtxLH3X.png,"WeRateDogs Follow @ dog rates This is Bernie . He just touched a boob for the first time . 10/10 RETWEETS UKES 2,626 6,421 ",offensive
278,84,offensive-gSYEayq.png,SUCCESSFUL REPUBLICAN GOVERNOR FOR8 INDEPENDENT POLITICIAN FOR ALMOST 40 YEARS YEARS Gary Johnson 2016 BECOMES A STANDS BY WHAT HE DEMOCRAT TO RUN BELIEVES IN AND RUNS FOR FOR PRESIDENT PRESIDENT AS A LIBERTARIAN ,offensive
103,265,offensive-gSIuTfF.png,"Michelle Obama says Donald Trump 's private remarks about women 11 years ago were `` shocking and demeaning '' Never mind that the Obamas have repeatedly invited rap and hip hop musicians to be honored at the White House musicians who sing lyrics that not only objectify men and their body parts and glorify sexual assault , but also cop killing . Enough of the phony moralizing , Mrs. Obama . ",offensive
272,69,offensive-giep513.png,"Max @ mdlabick BERNIE SANDERS RALLY 2016-02-24 , 10:10 AM ",offensive
208,59,offensive-gdHUw8d.png,"TRENDING Karl Marx Chinese State Media Promotes Rap Song Admiring 19th Century German Philosopher Cretaceous-Paleogene Extinction Event Killed Off Marine Animals in Addition to Dinosaurs , Study Says Hillary Clinton : Presidential Candidate Remains Winner of Kentucky Primary After Recanvass of Votes See More ",offensive
73,197,offensive-GbhHJH6.png,FEE Can you describe the individuals who attacke you ? yes officer they were vibrant youths of troubled backgrounds seeking an outlet to express their bottled rage collected from a system which exploits them due to its inherent white racial supremacy BERN ,offensive
138,351,offensive-FuuH1LD.png,"CNN Politics Like Page 2 hrs Maybe we could have , like , a task force to go to Area 51 Hillary Clinton says Hillary Clinton Gokingly pledges UFO probe WWW . CNN.COM BY ELI WATKINS , CNN 454 Likes 317 Comments 217 Shares Like Comment Share ",offensive
171,418,offensive-fU7SAmZ.png,"BERNIE SANDERS Never owned a business Never invented anything Never had a 9-5 job Never proposed a single bill that passed ( 25 years in office ) Lived off welfare before he was elected to office 74 years old net worth $ 300,000 Says he can fix healthcare and to be the econom Just like his hero Karl Marx succeeded at nothing , ",offensive
27,57,offensive-fsgozVS.png,"11:29 PM 3 % 29 % 8:53 PM 11 % 28:24 PM 8 % , 8:04 PM 20 % 12:08 AM 26 % 11:19 PM 39 % 10:40 PM 23 9:38 PM 7:19 PM 10m , 6:28 PM 13m 6:15 PM 5:53 PM me : hate liberals them : so what are you , a republican ? -oldmin ",offensive
247,7,offensive-fqSHGCD.png,Lady GARDEN Liberal Democrat ,offensive
161,401,offensive-fmTCPZO.png,I hate those republican fuckers so much omg those racist pricks are literal subhumans l wish Obama would just take away their privilege to freedom of speech omg I 'm waiting for the day that we can go out and destroy their churches and smash apart their shops and businesses we seriously just need to deport all of them we should round them up and send them to work and reeducation camps and just sterilize them or better yet we could just exterminate every last one of them we m Secure the istence of multiculturalism an immigrants ' children honestly fuck those intolerant bigots . They 're literal Nazis 2016 ,offensive
50,125,offensive-fLxsrjJ.png,MAKE AMERICA GREAT AGAIN HILLARY ,offensive
101,259,offensive-f7y8o6x.png,WS VOICE NOTE ebate REPUBLICAN PRESIDENTIAL DEBATE abc NEWS COM ,offensive
141,358,offensive-EZMV9D9.png,"Go over there to see which Presidential candidate is best for you . The Republican nor the Democrat . `` I do n't like either of them . You Just do n't under stand Vote for Vote for me , me , you pussy ! '' you ass our System ",offensive
113,289,offensive-ExlQpoj.png,WHO 'S ON THE BALLOT ? e DREAMER SUPPRESSION CLIMATE CHANGE CONSUMER FINANCIAL PROTECTION BUREAU I DO N'T KNOW f I JUST DO N'T LIKE IF I CAN VOTE T FOR HILLARY . HER . SORENSEN ,offensive
132,334,offensive-eRUFvRF.png,"SORR BUT I HAVE TO HAVE MY SAY e are all christians no matter what faith we are or what religion The only terrosist is a stupid one especially to involve their own religion or other religions , they are just ignorant people , who dont have back bone , to say they are terorists involving a religion , is just sad . And in my books Trump is just a white supremist trying to over throgh the people , and the people who beleive in him are very stupid . ke Renlv 6 hrs ",offensive
294,123,offensive-Eq9f1cu.png,"`` The other thing with the terrorists is you have to take out their families , when you get these terrorists , you have to take out their families . They care about their lives , do n't kid yourself When they say they do n't care about their lives , you have to take out their families Donald Trump , December 2nd , 2015 ",offensive
25,54,offensive-eP24hnr.png,"Bernie Bernie Sanders e @ BernieSanders Let 's say it loud and clear : women control their bodies , not the government . arizonagunguy Let 's say it loud and clear gun owners control their guns , not the government diesel fumesniffer Everyone say it with me . Adults control their healthcare , not the government . your uncle dave Let 's say it loud and clear : Wage earners control their money . not the government . liberty bill Let 's say it loud and clear the market coordinates time with interest , not the government . redbloodedamerica Let 's say it oud and clear : private companies and consumers control the market , not the government ",offensive
152,385,offensive-EMshcj9.png,"13 hrs And I 'm done with social media because this says it all . Good bye all . I will remember you all in therapy when I 'm telling my psychologist that I 'm crazy because I think about the things that no one else wants to talk about . WHEN I HEAR PEOPLE SAY tbs TOMG , JUSTIN JUST GOTANEW HAIRCUT ! '' CHTPROJECTCOM I WAN NA RESPOND AND SAY OMG , A REPORT BY THE TOPJOURNALIST IN THE WORLD JUSTREVEALED THAT THEINFAMOUS CHEMICAL WEAPONSATTACKIN SYRIAIN 2013 WASA FALSE FLAG OPERATION AUTHORIZED BY HILLARY CLINTON TO FRAMEASSAD AND STARTANOTHER WAR BASED ONALIET ",offensive
291,119,offensive-eMSADPX.png,WHAT IFI TOLD YOU THAT MORE THAN 40 % OF CONGRESS ARE HILLARY SUPERDELEGATES SOINCREASED SUPPORT FOR GARY JOHNSON WILL RESULTINAHILLARY PRESIDENCY NO MATTER WHAT ,offensive
124,316,offensive-eeuDu6t.png,"Cincinnaj Cincinnati CINCINNATI Cinci Lincinnati incinn State Cinci Cincinnati Cinci State ti BALLOT BOWL 08 ate CNN SEN , HILLARY CLINTON 11:04a PT ncin ( D ) PRESIDENTIAL CANDIDATE AYS ITS NUCLEAR PROGRAM IS FOR ENERGY , NOT WEAPONS ",offensive
289,116,offensive-dOr1Ljj.png,"ELECTORAL MAP CLINTON WNS 272 VOTES THE ROAD TO 270 272 EURETION NIGH CLINTON 179 ON CNN BREAKING NEWS LIVE WENER SENTING PROBE LEADS FBI TO REVIEW CLINTON CNN CASE FROM THE US . MILITARY , 9:33 PM E CHINA 'S MILITARY SPOKESPERSON SAYS AM AC360 ",offensive
249,10,offensive-DNwiCOI.png,FEEL TH EL BERN ,offensive
193,19,offensive-DDWmGxP.png,"22 hrs America does not need a conservative or liberal , AMERICA does not need a republican or Democrat President or Congress , America needs our leadership to get on his or her knees and dedicate America back to God just like our forefathers did years ago ! Wake up America and turn back to the roots of this ONCE great country that once sang of God as it 's sovereign Lord . Like Comment Share 12 people like this . ",offensive
43,111,offensive-ddkILbG.png,24 Take your stinking paws off of me you damn dirty democrat ! ,offensive
261,43,offensive-dcjraqN.png,IF YOU SEE THIS IMAGE WHILE SCROLLING THE FIRST PAGE You have been visited by The Unstumped bird of TRUMP President Trump will come to youn 2016 but only if you reply `` Ca n't Stump The Trump '' in this thread ,offensive
282,95,offensive-DB1R0kO.png,"I do n't believe that women have any rights , and think gays should be hanged . No , actually , I'ma Muslim and those are my religious beliefs . Wow , what a complete primitive asshole you are ! You must bea Republican . Oh ! I 'm sorry ! apologize ! Ihope you do n't think I 'm Islamophobic ! ( c ) 2016 Dixon Diaz ",offensive
108,280,offensive-CySpKqI.png,"riday , 15 January 2016 at David Bowie 69 Alan Rickman 69 fingers crossed guys Donald Trump Age 69 June 14 , 1946 Like Comment Share 23 people like this . Write a comment . ",offensive
112,286,offensive-cWdiU5k.png,"Anonymous 05/21/16 ( Sat ) 18:37:04 No.338437809 338438117 File : 1459704054948.gif 263 KB , 600x304 ) A liberal Muslim homosexual ACLU lawyer professor and abortion doctor was teaching a class on Karl Marx , known atheist `` Before the class begins , you must get on your knees and worship Marx and accept that he was the most highly-evolved being the world has ever known , even greater than Jesus Christ ! At this moment , a brave , patriotic , pro-life Navy SEAL champion who had served 1500 tours of duty and understood the necessity of war and fully supported all military decision made by the United States stood up and held up a rock . `` How old is this rock ? '' The arrogant professor smirked quite Jewishly and smugly replied `` 4.6 billion years , you stupid Christian ' Wrong It 's been 5,000 years since God created it . If it was 4.6 billion years old and evolution , as you say , is real ... then it should be an animal now '' The professor was visibly shaken , and dropped his chalk and copy of Origin of the Species . He stormed out of the room crying those liberal crocodile tears . The students applauded and a registered Republican that day and accepted Jesus as their lord and savior . An eagle named `` Small Government '' flew into the room and perched atop the American Flag and shed a tear on the chalk . The pledge of allegiance was read several times , and God himself showed up and enacted a flat tax rate across the country . The professor lost his tenure and was fired the next day . He died of the gay plague AIDS and was tossed into the lake of fire for all eternity ",offensive
95,244,offensive-CVjO3Sz.png,DID YOU KNOW THAT THERE ARE OTHER CANDIDATES OUTSIDE OF THE REPUBLICAN AND DEMOCRAMC PARTIES ,offensive
48,121,offensive-CuvsjyLWgAAXnz9.jpg,"Donald J. Trump areal DonaldTrump 2/7/13 Obama can kill Americans at will with drones but waterboarding is not allowed-only in America ! t 1,258 829 M Russell Steinberg @ Russ Steinberg 2/7/13 @ real Donald Trump If you hate America so much you should run for President and fix things 918 t 1,424 Donald J. Trump arealDonald Trump 2/7/13 @ Russ Steinberg Be careful ! t 1,769 1,539 ",offensive
202,41,offensive-CsdehGlWgAAv2HI.jpg,"Hillary Clinton attacks Donald lrump for posting Pepe the Frog meme The Independent Sep 13 , 2016 ",offensive
57,144,offensive-CqMB3fnW8AAsYQp.jpg,Here Come Meet Sakura able Here 4 OUSEKETCH DNBEVER WAS IKENODODN TRUE BERN MIN FALLELAND MASTER RAINER THE GREADELICTRK MIASE . BREAKER MASTER CHARIZARLOS HRST HIS TYPE ERACE WDURSELF GARY NOIMING AY ,offensive
270,60,offensive-Cm96pUGVMAA7HQz.jpg,POLITICS Trump entertains idea of not serving as president if he wins election ,offensive
287,113,offensive-CkhmsCi.png,Hillary Clinton Donald Trump Said some dumb Bullshit Likes a nice bit of Gorgonzola Wallace ,offensive
44,112,offensive-CkbzAqAUoAUJ311.jpg,WE CANT STOP HERE THIS IS BERN COUNTRY ,offensive
295,129,offensive-Cco_BiaUMAAla6m.jpg,"WHO HAS THE BETTER DISSP NOTBILLWALTON You a fan , a phony , a fake , a pussy , a Stan Trump is a phony , a fraud , his promises are whip your ass , you 3G in a karate class as worthless as a degree from Trump univers ",offensive
15,31,offensive-CboHZesW8AACcdP.jpg,"Bernie or Hilla Be informed , Compare em on the issues that matter issue : Real Nigga Hours Smash dat muthafuckin like button ! ! ! ",offensive
177,429,offensive-CagRUffUcAExvLF.jpg,"Bernie or Hillary ? Be informed . Compare them on the issues that matter . Issue : The Weed Man $ 15/G mids is Got that straight Cali all I got . Text Dank , 2G for $ 20 . Swing you in a few through and Feel The Bern . hours when I am free ",offensive
58,147,offensive-C5mm2gl.png,when u know Trump bout to be president & u got ta tell ur friends goodbye the worldpolice ,offensive
284,106,offensive-C2Rjlth.png,"R/ENOUGH JILL STEIN SPAM comments If this gets 690 upvotes Bernie Sanders will be deported to Sweden ( self enoughsandersspam ) Aa submitted 20 hours ago by 30 comments share save hide give gold report sorted by : best you are viewing a single comment 's thread . view the rest of the comments -1 9 points 16 hours ago Fuck it , put him in Gitmo permalink embed save report give gold reply ",offensive
22,49,offensive-C0JFBbU.png,MYTH : Only Uneducated White Males support Donald Trump HIGH ENERGY ( i.sli.mg ) 24 1310 N submitted 3 hours ago by consolewars to /r/The Donald 103 comments share save hide report TRUMP ,offensive
297,136,offensive-bxT32op.png,IF YOU WANT TO MAKE REDDIT GREAT AGAIN DOWN VOTE EVERY PRO TRUMP POST DOWNLOAD ME GENERATOR FROM HTTP //MEMECRUNCH.COM ,offensive
210,61,offensive-BXs0Wy8.png,c-c-c mon Morty ! we g- got ta *burp* we have to solve income inequality ! Wubbaluba dubdub ! feel the Bern ! ,offensive
252,19,offensive-bUfWNUp.png,"re : Re : how about leave im not a trump supporter ffs lol , im not American neither , i have love for all people , im hating on the religions not every religious person ffs , dont think i only hate on muslims , christians and Catholics can suck my dick too , i was in the ira manchester bomb , but Islam is my enemy nowadays and im willing to die to fight its ideology i swear bro fuck religion off , young people in 2016 need to turn their back on it , young people are the future , imaginary sky gods are not , you should think about what the future is going to be like , its going to be bloody , im so glad i dont have kids ffs , if you have kids and you teach them religion , you have failed them , young people need to fight against all religions . ",offensive
235,124,offensive-bspb4sM.png,"Many in the GoP keep calling Donald Trump a liar and manipulator . To me , liars and manipulators are 301 Republicans who were elected to the HOUSE and SENATE that PROMISED to stop Barack Obama and his godless Democrat Party 's destruction of America ... BUT DIDNT STOP ANYTHING ! ",offensive
56,143,offensive-BScSZDe.png,"FOR PRESIDENT SANDERS MOTO ddas FREE SHIT AT THE ACE HOTELTHEATER LOS ANGELES , CALFORNA FEBRUARY FFTH 2016 BERN ! ELTHE ",offensive
13,24,offensive-Bq3Oe2TIAAAUgik.jpg,"10:47 PM AT & T en.m.wikipedia.org ey playing for the United States in May 2013 Personal information Clinton That Man Mama Dempsey March 9 , 1983 ( age 31 ) 11 rth irth Nacogdoches , Texas , United States 1.85 m ( 6 ft 1 in ) 2 ] Forward , Attacking Midfielder osition Club information Seattle Sounders FC am Youth career Dallas Texans ",offensive
230,104,offensive-bnQlLeN.png,`` I trust Hillary Clinton about as far as I can throw her . ,offensive
299,142,offensive-bmM6pSU.png,"YO GARY JOHNSON 2016 , IMMALETYOU FINISH BUT RON PAUL 1988 WAS THE GREATEST LIBERTARIAN CAMPAIGN OF ALL TIME ",offensive
197,26,offensive-BkZ356ICIAAEHId.jpg,"A HEAL Bill Clinton was the first nigga president , not Obama . Haha you do n't got to be black to be a nigga you can be any race . If you do nigga shit than you 're a nigga and my nigga freaky Bill got his dick sucked by a cute fat bitch while his wife was down the hall in their bed room . Now if that ai n't sum nigga shit than do n't know what is and the nigga smoke weed too . ",offensive
170,417,offensive-bDIJ7sx.png,THE BEAUTY OF ME IS THAT I 'M VERY RICH . '' DONALD TRUMP bit.ly/stopthegop AMERICANS AGAINST THE REPUBLICAN PARTY ,offensive
62,154,offensive-b3N3bmV.png,"Chronic Hoosier @ Chronic Hoosier To everyone around the country just now googling Mike Pence , our sincerest apologies -signed , Indiana 7/14/16 , 9:56 AM 456 RETWEETS 502 LIKES ",offensive
207,57,offensive-B_LgxAvVIAA_lu8.jpg,IF HILARY CLINTON WINS IN 2016 IT WILL BE THE FIRST TIME TWO PRESIDENTS HAS HAD SEX WITH EACH OTHER ,offensive
107,270,offensive-ayNSttp.png,"To All of the Dumbass Liberals Who Promise '' They 'll Move to another Country , if Trump Wins ... I Say This If Hillary Wins I 'm NOT Moving Anywhere I 'm Buying More Ammo And Taking Back My Country YouMay Want to Movel ",offensive
96,245,offensive-aXJH7EU.png,BERNIE WO N'T BE ABLE TO GET ANYTHING DONE WITHOUT CONGRESS AND TRUMP WILL TURN THIS COUNTRY INTO NAZI GERMANY ALL ON HISOWN ,offensive
254,23,offensive-AthUmaI.png,FACEBOOK RIGHT NOW Dallas Police ! Black lives matter ! Hillary ! Trump ! FBI ! Pokemon ! ,offensive
28,61,offensive-aK7Mzo4.png,ENOUGH VOTE CLINTON VS TRUMP ,offensive
271,62,offensive-AJvEoxw.png,"DEAR VIEWERS , JUST NOW DONALD TRUMP WAS ELECTED US PRESIDENT BASCHAR , I WILL PULL ALL MY TROOPS OUT OF SYRIA BY MIDNIGHT ! Kamran ",offensive
268,58,offensive-aaQaOEz.png,"Ivp debatel MODERATOR : ur running mate supported the iraq war PENCE : Well trump ziplines in WRONG MODERATOR : mr trump ucannot be here 10/4/16 , 5:18 PM 147 RETWEETS 364 LIKES ",offensive
203,45,offensive-9HHSnfe.png,I LOVE GARY JOHNSON ! DO YOU REALLY LOVE GARY JOHNSON OR ARE YOU JUST LOOKING AT CANDIDATES AND SAYING YOU LOVE THEMP made on imgur ,offensive
169,416,offensive-9h78t5i.png,dded a post from July 18 to his timeline 2 hrs Quote of the day from a random FB comment . This was in response to Trumps comments about McCains service . `` Donald Trump is the poop stain on Americas underwear . '' 3 Likes I Like Comment Share ,offensive
19,40,offensive-9gSRNmP.png,"Give a man a fish , and he eats for a day . Give a man a welfare check , a free cellphone , food stamps section 8 housing , a six-pack of beer , a crack pipe , and some Air Jordon 's , and he 'll vote Democrat the rest of his life ",offensive
253,22,offensive-9FjUVia.png,"shared l Will Say and Post Anything I Want V About Barack Obama 's photo . 10 hrs Ca n't get hired , would n't work if they could ... . BERNOUTS UNITE ! Looks like a gay pride parade . Max dmdlablck BERNIE SANDERS RALLY Like Comment 18 Useful idiots Like Reply 10 hrs LOSERS ! Like Reply 9 hrs ",offensive
267,57,offensive-9diI55h.jpg.png,"MINNESOTA GOVERNOR RAISESTAXES ONTHE RICH TO BOOST EDUCATION FUNDING RAISES THE MINIMUM WAGE AND SIGNSANEQUAL PAY LAW STATE BECOMES THE FIFTH FASTEST GROWING ECONOMY IN THE US , UNEMPLOYMENT DROPS TO JUST 3.2 % , ITS $ 2.6BILLION DEFICIT BECOMESA $ 1BILLIONSURPLUS , AND ITS ECONOMIC CONFIDENCE RISESTOTHE HIGHEST OF ANY STATE AMERICANS AGAINST THE REPUBLICAN PARTY ",offensive
269,59,offensive-9BmlvFy.png,AS WORTHLESS AS STATES AMMEEREEA 0 0 c U 8 12 THREE 0 0 ICU 8 12 MILARS A CLINTON PROMISE made on imgur ,offensive
90,228,offensive-9A372Gl.png,BERNIE COLLAPSE VOTING ANYTHING THE CHANGE ,offensive
181,435,offensive-91sHVxQ.png,"SURE YOU CAN HEAR WHAT HILLARY CLINTON HAS TO SAY THAT LL BE S10,000 VOU DONT HAVE S10,000 ? OHGEEL THAT 'S TOO BAD GUESS YOULL HAVE TO HEAR THE OTHER SPEECHn ",offensive
298,141,offensive-8jiJ4Zt.png,"Paul Horner 1 hr Phoenix `` She 's a great daughter , the best daughter . And if she was n't married , which is a horrible marriage by the way , l would be up in that , way up . And it would be a great time , the best time there is , I think we can all agree on that . And incest laws in this country are not good , they are a disgrace . And we can thank crooked Hillary for that , who is just a horrible person , the worse person there is . And we can make incest laws in this country great again , the best laws , the greatest laws ever . '' # Trump Talk ",offensive
273,71,offensive-8ItzKTN.png,"47 % 1:17 PM AT & T E /r forward Strom O C forwardsfromgrandma lmgur . Com Trump Train Sep 13 at 9:02am One day , Hitler referenced the Jews as deplorable and irredeemable . The crowd agreed The next day , Auschwitz was born . Hillary Clinton called millions of conservatives a basket of deplorables , irredeemables . The crowd agrees Whats next a concentration camp for conservatives . ",offensive
163,406,offensive-8Fwa0DR.png,"BLACK LIVES MATTER , WESTBORO BAPTIST CHURCH AND THE KKK WERE REPORTEDLY THROWING URINE AT EACH OTHER AT THE REPUBLICAN NATIONAL CONVENTION THE OTHER DAY BUT IM JUST SITTING HERE ABOUT TO GO TO WORK LIKE A NORMAL PERSON made on ",offensive
119,306,offensive-88pU7QL.png,BERN THEM ALL ,offensive
149,379,offensive-80NRcEf.png,"THE DIFFERENCES BETWEEN A REPUBLICAN AND A DEMOCRAT Donald Trump and Hillary Clinton were walking down the street when they came to a homeless person . Donald Trump gave the homeless person his business card and told him to come to his office for a job . He then took $ 20 out of his pocket and gave it to the homeless person . Hillary saw this , so when they came to another homeless person , she walked over to the home- less person and gave him directions to the welfare office . She then reached into Donald 's pocket and got out $ 20 . She kept $ 15 . for `` administrative fees '' and gave the homeless person $ 5 . Now do you understand the difference ? ",offensive
121,310,offensive-7S6NEVD.png,"Photos : The Republican National Convention Melania Trump kisses her husband , Donald , after she spoke Monday on the first day of the Republican National Convention . `` If you want someone to fight for you and your country , I can assure you , he 's the guy , '' she said of her husband , the GOP 's presumptive nominee He will never , ever give up . And most importantly , he will never , ever let you down . '' 1 of 24 Hide Caption ",offensive
241,133,offensive-7Q0ReMA.png,undervalued property tixit up . and then flip for aprofit ! Flipping Houses FOR a a Ralph R Roberts A Reference for the Rest of Us ! 1 NATIONAL BEST SELLER TRUMP THE ART OF THE DEAL From the star of NBC 's hit show App DONALD JE TRUMP with TONY SCHWARTZ HALLSTREET ,offensive
216,69,offensive-7lqO9Qr.png,WHEN ITS ALL OVER TRUMP WILL NOT LOSE A DIME RUNNING FOR PRESIDENT IGUARANTEEIT ,offensive
60,149,offensive-7Lg5Rd2.png,LTE 55 % 4:55 AM QO The Economist Briefing : The Labour Party Salvaging Jerusalem How Britain 's left got into its crisis-and how it can get out United States Trump and the Alt-Right Pepe and the stormtroopers How Donald Trump ushered a hateful fringe movement into the mainstream ,offensive
65,171,offensive-7eTNqFK.png,"UT 14 hrs No way . Before Her Assassination , Berta Caceres Singled out Hillary Clinton for Backing Honduran Coup Former Secretary of State Hillary Clinton is facing a new round of questions about her handling of the 2009 coup in Honduras that ousted democratically elected . DEMOCRACY NOW ORG Like Comment a Share Not the first , and definitely not the last person that has been terminated by the Killary regime . The Clintons are a modern day global mafia Like Reply 1 hr ",offensive
128,326,offensive-76vgP7x.png,IDIONT PROTECT My REPUBLICAN CITIES AND TOLD THE POLICE TOSTAND DOMIN BECAUSE IAMA PROGRESSIVE S ST BERAL DEMOCRAT AND I PROVIDEA SANCTUARY CITYROR ILLEGALS May of an Jose ,offensive
130,332,offensive-6WELqLH.png,"WVTM 13 13 3 hrs Malala Yousafzai , the Pakistani teenager and Nobel Peace Prize winner , condemned Donald Trump 's controversial plan to ban Muslims on Tuesday Trump would temporarily ban all Muslims from entering the U.S. , a proposal that has rocked the Republican fie ... Malala : Trump 's plan is full of hatred ' WWW WVTM 13.COM BY BY THEODORE SCHLEIFER CNN Like Comment a Share Top Comments 18 people like this . 1 share oo bad the bullet did n't work . Lmao Like Reply 2 35 mins ",offensive
263,48,offensive-6V4OrKm.png,I 'M SO EVIL EVEN SATAN IS VOTING REPUBLICAN ,offensive
221,83,offensive-6r16i0p.png,RUMP AMERICA GREAT AGAIN lent majority ANDS WITH RU MP GREAT CA TRUMP TRUMP FEMINIST tor Bernie ,offensive
53,131,offensive-6L5ohmp.png,BRACE YOURSELF THE REPUBLICAN CONDEMNATIONS OF TRUMP ARE COMING . made on imgur ,offensive
262,44,offensive-6G0PNe1.png,DOG TURDS FOR TRUMP 2016 PENCE ,offensive
52,130,offensive-6faN492.png,"`` I'MUNDOUBTEDLY A LIBERAL , WHICH MEANS THAT I MIN ALMOST TOTAL AGREEMENT WITH THE EISENHOWER-ERA REPUBLICAN PARTY PLATFORM . '' RACHEL MADDOW AMERICANS AGAINST THE REPUBLICAN PARTY bit.ly stopthegop ",offensive
222,85,offensive-5W8eGmw.png,George Bush do ya thing TRUMP ,offensive
283,97,offensive-5spRvtw.png,PRESENTING THE NEW OFFICIAL LOGO OF THE REPUBLICAN PARTY STEDVINT ,offensive
184,438,offensive-5Oznxbq.png,"Sammy Hagar is 68 years old . Bill Clinton is 69 . Sammy has had over 40 years of sex , alcohol , rock & roll , and drugs . Bill lives with Hillary . AN ",offensive
135,345,offensive-5hhUFqA.png,___  FOR MY BUNGHOLE ! TRUMP PENCE ,offensive
167,410,offensive-5aomAQA.png,"APRIL 25th 2016 Hillary Clinton supporters posted child pomography to numerous Bernie Sanders Facebook pages , then reported the pages to Facebook Will Sanders supporters do the same thing to retaliate ? Never in a million years It 's child pomography . We would never post it , or vote for someone who would condone that or do anything to win . That 's the difference between us . at 's what we are fighting for . SANDERS ",offensive
209,60,offensive-4ZKsrX3.png,This is donald trumps brother donut trump . Every 4.20 seconds donald takes a of his brothers donuts . updough this post in 375 degrees boiling oil and comment `` dont be a grump mr trump '' to help donut ,offensive
192,18,offensive-4j4jraI.png,"If you are a Clinton supporter , say these words and own them : I support fracking I support election fraud I support Big Pharma and voter suppression . I support TPP . I support arms deals I supported NAFTA . with dictators . I supported DOMA . l support drone bombing I supported repealing of innocent people . Glass Steagal . I support GMOs . I support Citizens United . I support offshore drilling . ",offensive
151,383,offensive-4hxCAfW.png,You whipped out that Mexican thing again . Mike Pence . GOP Candidate for VP of the United States ,offensive
173,422,offensive-3YtnZiU.png,"Of the 33,000 emails Hillary Clinton deleted , over 2,000 of them contained Papa John 's promo codes , including one for a free order of Tuscan 6-cheese breadsticks with the purchase of any large 1-topping pizza . Thumbs up if you think Hillary should release the promo codes . CAFE ",offensive
104,267,offensive-3wirGHJ.png,How Trump is seen by Hillary Supporters Trump Supporters al ASSELN HEUSER The Republican Party The Rest of the World DGRRRGRAPHICS.COM SPECIAL THANKS DANELDAUSCHAT PAREONCOMP ALABAMA CONATIST CON ARTIST . CON ARTIST cONARTISY ! COP ,offensive
115,297,offensive-2NS27kx.png,I recall a few months ago when seemingly the entire Republican Party were gravely concerned about their wives or daughters walking into a bathroom and being groped or molested by a trans-woman . But now they seem to think it 's perfectly fine for their nominee for president to do it to any woman he happens to lust after 3 hours ago Unlike 524 ,offensive
111,284,offensive-2myYC1v.png,"FACES OF THE POT 90 A Susan Saran dun and Tim Robbins were the darlings of Hollywood . Both had successful acting careers and supported Bernie `` The Mad Commie '' Sanders . After a rally in North Dakota to support oil hating Indians , they up their THE POT slammed two `` Burlington Bindles '' of SLAMMER ! veins . Now there dead like every other POT ",offensive
88,225,offensive-2MXmVri.png,WHY THE FUCK DOES THE MEDIA IGNORE GARY JOHNSON BUT ONLY STARTS TALKING ABOUT HIM AFTER HE HAS A TINY MISUNDERSTANDING made on imgur ,offensive
279,89,offensive-2d5AxL6.png,"Is snoop dogg cute ugly ? i just wanted to know dogg 1 following 16 answers Trending Now Miranda Lambert New Bern NC Payday Loans Hearing Aids Justin Bieber Louisiana Lottery Sean Penn Alaska Airlines Maria Sharapova Luxury SUV Deals Answers Relevance Best Answer : He looks ok . I guess Lisa J 9 years ago Comment Asker 's rating I think when he was new to the whole music hip hop thing , we was good looking , because of the fact that he was young , but now I do n't really know I ai n't gay by the way , nuthin wrong with beig gay , i think . Axe 9 years ago 410 Comment ",offensive
8,13,offensive-2aiRLNR.png,Bernie or Be informed . Compare them on the issues that matter . Pepe `` I love the sad frog ! '' rares ,offensive
1,2,offensive-1JQk5NF.png,o shit waddup ! BERNIE SANDERS COM ,offensive
33,80,offensive-1DY6I9Q.png,IF YOU SEE THIS IMAGE WHILE SCROLLING YOU HAVE BEEN VISITED BY THE GARY JOHNSON OF LIBERTY blessed entrepreneurship and legal weed will come to you but only if you comment `` do n't tread on me '' ,offensive
213,65,offensive-1BeUIMs.png,HILARY CLINTON MAKESIOKES ABOUT COLORED PEOPLETIMEBUT LIBERALSSCREAMTRUMPISTHERACIST BUT THATS NOT OF MY BUSINESS gflip com ,offensive
285,108,offensive-18nGcfg.png,"23 hrs To all my friends on FB , just a short note to you on our pus headed `` president '' This character who l refer to as zero ( 0 ) should have been taken out by our military and shot as an enemy agent in his first term Instead he still remains in office doing every thing he can to gut the America we all know and love Now comes Donald J Trump to put an end to the corruption in government The so called elite , who are nothing but common dog turds from your front lawn are shaking in their boots because there is a new Sheriff coming to town , and the end to their corruption of the American people ( YOU ) is at hand I can not believe that a common murder is even allowed to run ( killery clinton ) OR that a commie like bernie is a also allowed to also run Come on America put your big boy pants on -- this election you have a choice -- GET YOUR ASS OUT AND VOTE Thank you ni Like Comment Share ",offensive
47,117,offensive-16vTnwg.png,"I do n't believe that women have any rights , and I think gays should be hanged . No , actually , l 'm a Muslim and those are my religious beliefs . Wow , what a complete 4 primitive asshole you are ! You must be a Republican . Oh ! I 'm sorry ! apologize ! I hope you do n't think I 'm Islamophobic ! ( c ) 2016 Dixon Diaz ",offensive
191,15,offensive-12XLnzK.png,thewrap.com SUICIDE `` Suicide Squad ' Executive Producer Is Trump 's Chief Fundraiser Steven Mnuchin is involved in two intense missions this summer : Raising cash for Donald Trump and `` Suicide Squad '' mole show why cant 2016 be normal landmaster normal is a setting on a dryer ,offensive
2,5,offensive-0WBXRH9.png,"kle watching the dem debate HELL YEAH , BERNIE ! Why is Hillary avoiding the questions ? Stahp HILLARY Fucking stop . I SWEAR TO FUCKING GOD HILLARY ANSWER THE GOD DAMN QUESTION STOP AVOIDING THE TOPIC AND ACTUALLY HAVE A FUCKING DEBATE ALI ",offensive
162,404,offensive-0SvkQMd.png,"Bernie or Hillary ? Be informed . Compare them on the issues that matter Issue : Wrestling `` With the recent rise in popularity `` That Roman Reigns of independent wrestling federations , combined with an int fellow is fan base via the internet , even the surge in popularity of so called mainstream something else , indies like NXT , it 's safe to say huh ? we are in the midst of a within the sport . '' ",offensive
16,35,offensive-0nF9BpI.png,GMA on Safari : Army GMA on Safari : Mus Robach 's Amazing J See Moments From In Depth : Extreme Weather Strikes Deadly Storms in the Snow Squalls Trigge West Massive 40-Car Pile- Good Morning America Rewind Analysis of the Presidential Candidate Marco Rubio Reacts Republican Presiden ,offensive
290,118,offensive-0EwB4LT.png,le me in school e MA C bernie Sanders is dumb trump FF s li eld Ju FFE FF UU ,offensive
174,423,offensive-00DjNzR.png,NOW YOURE READY TO VOTE FOR HILLARY ,offensive
